<filetype binary="false" default_extension="riddl" description="RIDDL" name="RIDDL">
  <highlighting>
    <options>
      <option name="LINE_COMMENT" value="//" />
      <option name="COMMENT_START" value="described as {" />
      <option name="COMMENT_END" value="}" />
      <option name="HEX_PREFIX" value="" />
      <option name="NUM_POSTFIXES" value="" />
    </options>
    <keywords keywords="acquires;adaptor;all;any;append;application;arbitrary;author;become;benefit;body;brief;briefly;but;call;capability;case;command;commands;condition;connector;constant;container;contains;context;create;described;design;details;direct;do;domain;each;else;email;end;entity;epic;error;event;example;execute;explained;false;field;fields;file;flow;flows;focus;for;foreach;form;from;function;given;graph;group;handler;import;include;init;inlet;inlets;input;insert;invariant;is;items;many;mapping;merge;message;morph;name;new;on;one;option;optional;options;organization;other;outlet;outlets;output;parallel;pipe;plant;presents;projector;query;range;record;reference;remove;replica;reply;repository;required;requires;result;results;return;returns;reverted;role;router;saga;scenario;see;selects;send;sequence;set;show;shown;sink;source;split;state;step;stop;story;streamlet;table;take;tell;term;then;title;transmit;true;type;url;user;value;view;void;when;yields" ignore_case="false" />
    <keywords2 keywords="and;are;as;at;by;for;from;in;of;on;so;that;to;wants;with" />
    <keywords3 keywords="{;}" />
    <keywords4 />
  </highlighting>
  <extensionMap>
    <mapping ext="riddl" />
  </extensionMap>
</filetype>