<application>
  <component name="FileTypeManager" version="18">
    <extensionMap>
      <mapping pattern="memberGatewayDomainRequestsproto" type="AUTO_DETECTED" />
      <mapping ext="gz" type="PLAIN_TEXT" />
      <mapping ext="desc" type="PLAIN_TEXT" />
      <removed_mapping ext="apk" approved="true" type="ARCHIVE" />
      <removed_mapping ext="psd" approved="true" type="Image" />
      <removed_mapping ext="riddl" approved="true" type="PLAIN_TEXT" />
      <removed_mapping ext="rs" approved="true" type="Android RenderScript" />
      <removed_mapping pattern=".riddl" approved="true" type="RIDDL" />
    </extensionMap>
  </component>
</application>